subgroup_field,subgroup_value,question_id,selected_answer,count,pct,weighted_count,weighted_pct
age_group,18-29,q1_elsayed_vs_rogers,Mike Rogers,5686,40.6,5686.0,40.6
age_group,18-29,q1_elsayed_vs_rogers,Undecided,5340,38.1,5340.0,38.1
age_group,18-29,q1_elsayed_vs_rogers,Abdul El-Sayed,2974,21.2,2974.0,21.2
age_group,18-29,q2_stevens_vs_rogers,Undecided,6746,48.2,6746.0,48.2
age_group,18-29,q2_stevens_vs_rogers,Mike Rogers,4000,28.6,4000.0,28.6
age_group,18-29,q2_stevens_vs_rogers,Haley Stevens,3254,23.2,3254.0,23.2
age_group,18-29,q3_mcmorrow_vs_rogers,Undecided,5933,42.4,5933.0,42.4
age_group,18-29,q3_mcmorrow_vs_rogers,Mike Rogers,4977,35.5,4977.0,35.5
age_group,18-29,q3_mcmorrow_vs_rogers,Mallory McMorrow,3090,22.1,3090.0,22.1
age_group,30-44,q1_elsayed_vs_rogers,Abdul El-Sayed,9000,42.9,9000.0,42.9
age_group,30-44,q1_elsayed_vs_rogers,Mike Rogers,6144,29.3,6144.0,29.3
age_group,30-44,q1_elsayed_vs_rogers,Undecided,5856,27.9,5856.0,27.9
age_group,30-44,q2_stevens_vs_rogers,Haley Stevens,11597,55.2,11597.0,55.2
age_group,30-44,q2_stevens_vs_rogers,Undecided,6403,30.5,6403.0,30.5
age_group,30-44,q2_stevens_vs_rogers,Mike Rogers,3000,14.3,3000.0,14.3
age_group,30-44,q3_mcmorrow_vs_rogers,Mallory McMorrow,9548,45.5,9548.0,45.5
age_group,30-44,q3_mcmorrow_vs_rogers,Undecided,8345,39.7,8345.0,39.7
age_group,30-44,q3_mcmorrow_vs_rogers,Mike Rogers,3107,14.8,3107.0,14.8
age_group,45-64,q1_elsayed_vs_rogers,Undecided,15445,41.7,15445.0,41.7
age_group,45-64,q1_elsayed_vs_rogers,Mike Rogers,11268,30.5,11268.0,30.5
age_group,45-64,q1_elsayed_vs_rogers,Abdul El-Sayed,10287,27.8,10287.0,27.8
age_group,45-64,q2_stevens_vs_rogers,Haley Stevens,21301,57.6,21301.0,57.6
age_group,45-64,q2_stevens_vs_rogers,Mike Rogers,10000,27.0,10000.0,27.0
age_group,45-64,q2_stevens_vs_rogers,Undecided,5699,15.4,5699.0,15.4
age_group,45-64,q3_mcmorrow_vs_rogers,Undecided,16607,44.9,16607.0,44.9
age_group,45-64,q3_mcmorrow_vs_rogers,Mallory McMorrow,10374,28.0,10374.0,28.0
age_group,45-64,q3_mcmorrow_vs_rogers,Mike Rogers,10019,27.1,10019.0,27.1
age_group,65+,q1_elsayed_vs_rogers,Mike Rogers,14793,52.8,14793.0,52.8
age_group,65+,q1_elsayed_vs_rogers,Abdul El-Sayed,9000,32.1,9000.0,32.1
age_group,65+,q1_elsayed_vs_rogers,Undecided,4207,15.0,4207.0,15.0
age_group,65+,q2_stevens_vs_rogers,Mike Rogers,14000,50.0,14000.0,50.0
age_group,65+,q2_stevens_vs_rogers,Haley Stevens,11402,40.7,11402.0,40.7
age_group,65+,q2_stevens_vs_rogers,Undecided,2598,9.3,2598.0,9.3
age_group,65+,q3_mcmorrow_vs_rogers,Mike Rogers,14178,50.6,14178.0,50.6
age_group,65+,q3_mcmorrow_vs_rogers,Mallory McMorrow,9000,32.1,9000.0,32.1
age_group,65+,q3_mcmorrow_vs_rogers,Undecided,4822,17.2,4822.0,17.2
education,College degree,q1_elsayed_vs_rogers,Mike Rogers,12394,40.0,12394.0,40.0
education,College degree,q1_elsayed_vs_rogers,Undecided,11600,37.4,11600.0,37.4
education,College degree,q1_elsayed_vs_rogers,Abdul El-Sayed,7006,22.6,7006.0,22.6
education,College degree,q2_stevens_vs_rogers,Haley Stevens,13658,44.1,13658.0,44.1
education,College degree,q2_stevens_vs_rogers,Mike Rogers,10000,32.3,10000.0,32.3
education,College degree,q2_stevens_vs_rogers,Undecided,7342,23.7,7342.0,23.7
education,College degree,q3_mcmorrow_vs_rogers,Undecided,13956,45.0,13956.0,45.0
education,College degree,q3_mcmorrow_vs_rogers,Mike Rogers,10021,32.3,10021.0,32.3
education,College degree,q3_mcmorrow_vs_rogers,Mallory McMorrow,7023,22.7,7023.0,22.7
education,High school or less,q1_elsayed_vs_rogers,Mike Rogers,12811,37.7,12811.0,37.7
education,High school or less,q1_elsayed_vs_rogers,Abdul El-Sayed,12000,35.3,12000.0,35.3
education,High school or less,q1_elsayed_vs_rogers,Undecided,9189,27.0,9189.0,27.0
education,High school or less,q2_stevens_vs_rogers,Haley Stevens,17227,50.7,17227.0,50.7
education,High school or less,q2_stevens_vs_rogers,Mike Rogers,11000,32.4,11000.0,32.4
education,High school or less,q2_stevens_vs_rogers,Undecided,5773,17.0,5773.0,17.0
education,High school or less,q3_mcmorrow_vs_rogers,Mallory McMorrow,12045,35.4,12045.0,35.4
education,High school or less,q3_mcmorrow_vs_rogers,Mike Rogers,11283,33.2,11283.0,33.2
education,High school or less,q3_mcmorrow_vs_rogers,Undecided,10672,31.4,10672.0,31.4
education,Postgraduate,q1_elsayed_vs_rogers,Abdul El-Sayed,4974,99.5,4974.0,99.5
education,Postgraduate,q1_elsayed_vs_rogers,Undecided,26,0.5,26.0,0.5
education,Postgraduate,q2_stevens_vs_rogers,Haley Stevens,4970,99.4,4970.0,99.4
education,Postgraduate,q2_stevens_vs_rogers,Undecided,30,0.6,30.0,0.6
education,Postgraduate,q3_mcmorrow_vs_rogers,Mallory McMorrow,4984,99.7,4984.0,99.7
education,Postgraduate,q3_mcmorrow_vs_rogers,Undecided,16,0.3,16.0,0.3
education,Some college,q1_elsayed_vs_rogers,Mike Rogers,12686,42.3,12686.0,42.3
education,Some college,q1_elsayed_vs_rogers,Undecided,10033,33.4,10033.0,33.4
education,Some college,q1_elsayed_vs_rogers,Abdul El-Sayed,7281,24.3,7281.0,24.3
education,Some college,q2_stevens_vs_rogers,Haley Stevens,11699,39.0,11699.0,39.0
education,Some college,q2_stevens_vs_rogers,Mike Rogers,10000,33.3,10000.0,33.3
education,Some college,q2_stevens_vs_rogers,Undecided,8301,27.7,8301.0,27.7
education,Some college,q3_mcmorrow_vs_rogers,Undecided,11063,36.9,11063.0,36.9
education,Some college,q3_mcmorrow_vs_rogers,Mike Rogers,10977,36.6,10977.0,36.6
education,Some college,q3_mcmorrow_vs_rogers,Mallory McMorrow,7960,26.5,7960.0,26.5
ideology,Conservative,q1_elsayed_vs_rogers,Mike Rogers,15789,98.7,15789.0,98.7
ideology,Conservative,q1_elsayed_vs_rogers,Undecided,211,1.3,211.0,1.3
ideology,Conservative,q2_stevens_vs_rogers,Mike Rogers,15000,93.8,15000.0,93.8
ideology,Conservative,q2_stevens_vs_rogers,Undecided,1000,6.2,1000.0,6.2
ideology,Conservative,q3_mcmorrow_vs_rogers,Mike Rogers,15126,94.5,15126.0,94.5
ideology,Conservative,q3_mcmorrow_vs_rogers,Undecided,874,5.5,874.0,5.5
ideology,Liberal,q1_elsayed_vs_rogers,Abdul El-Sayed,14974,99.8,14974.0,99.8
ideology,Liberal,q1_elsayed_vs_rogers,Undecided,26,0.2,26.0,0.2
ideology,Liberal,q2_stevens_vs_rogers,Haley Stevens,14970,99.8,14970.0,99.8
ideology,Liberal,q2_stevens_vs_rogers,Undecided,30,0.2,30.0,0.2
ideology,Liberal,q3_mcmorrow_vs_rogers,Mallory McMorrow,14984,99.9,14984.0,99.9
ideology,Liberal,q3_mcmorrow_vs_rogers,Undecided,16,0.1,16.0,0.1
ideology,Moderate,q1_elsayed_vs_rogers,Undecided,30611,69.6,30611.0,69.6
ideology,Moderate,q1_elsayed_vs_rogers,Mike Rogers,8102,18.4,8102.0,18.4
ideology,Moderate,q1_elsayed_vs_rogers,Abdul El-Sayed,5287,12.0,5287.0,12.0
ideology,Moderate,q2_stevens_vs_rogers,Haley Stevens,21584,49.1,21584.0,49.1
ideology,Moderate,q2_stevens_vs_rogers,Undecided,20416,46.4,20416.0,46.4
ideology,Moderate,q2_stevens_vs_rogers,Mike Rogers,2000,4.5,2000.0,4.5
ideology,Moderate,q3_mcmorrow_vs_rogers,Undecided,34817,79.1,34817.0,79.1
ideology,Moderate,q3_mcmorrow_vs_rogers,Mallory McMorrow,6028,13.7,6028.0,13.7
ideology,Moderate,q3_mcmorrow_vs_rogers,Mike Rogers,3155,7.2,3155.0,7.2
ideology,Progressive,q1_elsayed_vs_rogers,Abdul El-Sayed,11000,100.0,11000.0,100.0
ideology,Progressive,q2_stevens_vs_rogers,Haley Stevens,11000,100.0,11000.0,100.0
ideology,Progressive,q3_mcmorrow_vs_rogers,Mallory McMorrow,11000,100.0,11000.0,100.0
ideology,Very conservative,q1_elsayed_vs_rogers,Mike Rogers,14000,100.0,14000.0,100.0
ideology,Very conservative,q2_stevens_vs_rogers,Mike Rogers,14000,100.0,14000.0,100.0
ideology,Very conservative,q3_mcmorrow_vs_rogers,Mike Rogers,14000,100.0,14000.0,100.0
income_band,Low,q1_elsayed_vs_rogers,Abdul El-Sayed,4000,66.7,4000.0,66.7
income_band,Low,q1_elsayed_vs_rogers,Mike Rogers,2000,33.3,2000.0,33.3
income_band,Low,q2_stevens_vs_rogers,Haley Stevens,4000,66.7,4000.0,66.7
income_band,Low,q2_stevens_vs_rogers,Mike Rogers,2000,33.3,2000.0,33.3
income_band,Low,q3_mcmorrow_vs_rogers,Mallory McMorrow,4000,66.7,4000.0,66.7
income_band,Low,q3_mcmorrow_vs_rogers,Mike Rogers,2000,33.3,2000.0,33.3
income_band,Lower-middle,q1_elsayed_vs_rogers,Undecided,10979,39.2,10979.0,39.2
income_band,Lower-middle,q1_elsayed_vs_rogers,Abdul El-Sayed,10006,35.7,10006.0,35.7
income_band,Lower-middle,q1_elsayed_vs_rogers,Mike Rogers,7015,25.1,7015.0,25.1
income_band,Lower-middle,q2_stevens_vs_rogers,Haley Stevens,13754,49.1,13754.0,49.1
income_band,Lower-middle,q2_stevens_vs_rogers,Undecided,9246,33.0,9246.0,33.0
income_band,Lower-middle,q2_stevens_vs_rogers,Mike Rogers,5000,17.9,5000.0,17.9
income_band,Lower-middle,q3_mcmorrow_vs_rogers,Undecided,11840,42.3,11840.0,42.3
income_band,Lower-middle,q3_mcmorrow_vs_rogers,Mallory McMorrow,10108,36.1,10108.0,36.1
income_band,Lower-middle,q3_mcmorrow_vs_rogers,Mike Rogers,6052,21.6,6052.0,21.6
income_band,Middle,q1_elsayed_vs_rogers,Mike Rogers,22843,50.8,22843.0,50.8
income_band,Middle,q1_elsayed_vs_rogers,Undecided,12876,28.6,12876.0,28.6
income_band,Middle,q1_elsayed_vs_rogers,Abdul El-Sayed,9281,20.6,9281.0,20.6
income_band,Middle,q2_stevens_vs_rogers,Mike Rogers,19000,42.2,19000.0,42.2
income_band,Middle,q2_stevens_vs_rogers,Haley Stevens,16991,37.8,16991.0,37.8
income_band,Middle,q2_stevens_vs_rogers,Undecided,9009,20.0,9009.0,20.0
income_band,Middle,q3_mcmorrow_vs_rogers,Mike Rogers,19250,42.8,19250.0,42.8
income_band,Middle,q3_mcmorrow_vs_rogers,Undecided,15855,35.2,15855.0,35.2
income_band,Middle,q3_mcmorrow_vs_rogers,Mallory McMorrow,9895,22.0,9895.0,22.0
income_band,Upper-middle,q1_elsayed_vs_rogers,Abdul El-Sayed,7974,38.0,7974.0,38.0
income_band,Upper-middle,q1_elsayed_vs_rogers,Undecided,6993,33.3,6993.0,33.3
income_band,Upper-middle,q1_elsayed_vs_rogers,Mike Rogers,6033,28.7,6033.0,28.7
income_band,Upper-middle,q2_stevens_vs_rogers,Haley Stevens,12809,61.0,12809.0,61.0
income_band,Upper-middle,q2_stevens_vs_rogers,Mike Rogers,5000,23.8,5000.0,23.8
income_band,Upper-middle,q2_stevens_vs_rogers,Undecided,3191,15.2,3191.0,15.2
income_band,Upper-middle,q3_mcmorrow_vs_rogers,Undecided,8012,38.2,8012.0,38.2
income_band,Upper-middle,q3_mcmorrow_vs_rogers,Mallory McMorrow,8009,38.1,8009.0,38.1
income_band,Upper-middle,q3_mcmorrow_vs_rogers,Mike Rogers,4979,23.7,4979.0,23.7
party_lean,Independent / swing,q1_elsayed_vs_rogers,Undecided,30848,81.2,30848.0,81.2
party_lean,Independent / swing,q1_elsayed_vs_rogers,Mike Rogers,5891,15.5,5891.0,15.5
party_lean,Independent / swing,q1_elsayed_vs_rogers,Abdul El-Sayed,1261,3.3,1261.0,3.3
party_lean,Independent / swing,q2_stevens_vs_rogers,Undecided,20446,53.8,20446.0,53.8
party_lean,Independent / swing,q2_stevens_vs_rogers,Haley Stevens,17554,46.2,17554.0,46.2
party_lean,Independent / swing,q3_mcmorrow_vs_rogers,Undecided,35684,93.9,35684.0,93.9
party_lean,Independent / swing,q3_mcmorrow_vs_rogers,Mallory McMorrow,2012,5.3,2012.0,5.3
party_lean,Independent / swing,q3_mcmorrow_vs_rogers,Mike Rogers,304,0.8,304.0,0.8
party_lean,Lean Democrat,q1_elsayed_vs_rogers,Abdul El-Sayed,15000,100.0,15000.0,100.0
party_lean,Lean Democrat,q2_stevens_vs_rogers,Haley Stevens,15000,100.0,15000.0,100.0
party_lean,Lean Democrat,q3_mcmorrow_vs_rogers,Mallory McMorrow,15000,100.0,15000.0,100.0
party_lean,Lean Republican,q1_elsayed_vs_rogers,Mike Rogers,14000,100.0,14000.0,100.0
party_lean,Lean Republican,q2_stevens_vs_rogers,Mike Rogers,13000,92.9,13000.0,92.9
party_lean,Lean Republican,q2_stevens_vs_rogers,Undecided,1000,7.1,1000.0,7.1
party_lean,Lean Republican,q3_mcmorrow_vs_rogers,Mike Rogers,13977,99.8,13977.0,99.8
party_lean,Lean Republican,q3_mcmorrow_vs_rogers,Undecided,23,0.2,23.0,0.2
party_lean,Strong Democrat,q1_elsayed_vs_rogers,Abdul El-Sayed,15000,100.0,15000.0,100.0
party_lean,Strong Democrat,q2_stevens_vs_rogers,Haley Stevens,15000,100.0,15000.0,100.0
party_lean,Strong Democrat,q3_mcmorrow_vs_rogers,Mallory McMorrow,15000,100.0,15000.0,100.0
party_lean,Strong Republican,q1_elsayed_vs_rogers,Mike Rogers,18000,100.0,18000.0,100.0
party_lean,Strong Republican,q2_stevens_vs_rogers,Mike Rogers,18000,100.0,18000.0,100.0
party_lean,Strong Republican,q3_mcmorrow_vs_rogers,Mike Rogers,18000,100.0,18000.0,100.0
race_ethnicity,Asian,q1_elsayed_vs_rogers,Abdul El-Sayed,1000,100.0,1000.0,100.0
race_ethnicity,Asian,q2_stevens_vs_rogers,Haley Stevens,1000,100.0,1000.0,100.0
race_ethnicity,Asian,q3_mcmorrow_vs_rogers,Mallory McMorrow,1000,100.0,1000.0,100.0
race_ethnicity,Black,q1_elsayed_vs_rogers,Abdul El-Sayed,11000,84.6,11000.0,84.6
race_ethnicity,Black,q1_elsayed_vs_rogers,Mike Rogers,1000,7.7,1000.0,7.7
race_ethnicity,Black,q1_elsayed_vs_rogers,Undecided,1000,7.7,1000.0,7.7
race_ethnicity,Black,q2_stevens_vs_rogers,Haley Stevens,11073,85.2,11073.0,85.2
race_ethnicity,Black,q2_stevens_vs_rogers,Undecided,1927,14.8,1927.0,14.8
race_ethnicity,Black,q3_mcmorrow_vs_rogers,Mallory McMorrow,11000,84.6,11000.0,84.6
race_ethnicity,Black,q3_mcmorrow_vs_rogers,Undecided,2000,15.4,2000.0,15.4
race_ethnicity,Hispanic,q1_elsayed_vs_rogers,Abdul El-Sayed,3000,60.0,3000.0,60.0
race_ethnicity,Hispanic,q1_elsayed_vs_rogers,Undecided,2000,40.0,2000.0,40.0
race_ethnicity,Hispanic,q2_stevens_vs_rogers,Haley Stevens,3400,68.0,3400.0,68.0
race_ethnicity,Hispanic,q2_stevens_vs_rogers,Undecided,1600,32.0,1600.0,32.0
race_ethnicity,Hispanic,q3_mcmorrow_vs_rogers,Mallory McMorrow,3000,60.0,3000.0,60.0
race_ethnicity,Hispanic,q3_mcmorrow_vs_rogers,Undecided,2000,40.0,2000.0,40.0
race_ethnicity,Multiracial / other,q1_elsayed_vs_rogers,Mike Rogers,1783,59.4,1783.0,59.4
race_ethnicity,Multiracial / other,q1_elsayed_vs_rogers,Undecided,1217,40.6,1217.0,40.6
race_ethnicity,Multiracial / other,q2_stevens_vs_rogers,Undecided,1623,54.1,1623.0,54.1
race_ethnicity,Multiracial / other,q2_stevens_vs_rogers,Mike Rogers,1000,33.3,1000.0,33.3
race_ethnicity,Multiracial / other,q2_stevens_vs_rogers,Haley Stevens,377,12.6,377.0,12.6
race_ethnicity,Multiracial / other,q3_mcmorrow_vs_rogers,Undecided,1981,66.0,1981.0,66.0
race_ethnicity,Multiracial / other,q3_mcmorrow_vs_rogers,Mike Rogers,1019,34.0,1019.0,34.0
race_ethnicity,White non-Hispanic,q1_elsayed_vs_rogers,Mike Rogers,35108,45.0,35108.0,45.0
race_ethnicity,White non-Hispanic,q1_elsayed_vs_rogers,Undecided,26631,34.1,26631.0,34.1
race_ethnicity,White non-Hispanic,q1_elsayed_vs_rogers,Abdul El-Sayed,16261,20.8,16261.0,20.8
race_ethnicity,White non-Hispanic,q2_stevens_vs_rogers,Haley Stevens,31704,40.6,31704.0,40.6
race_ethnicity,White non-Hispanic,q2_stevens_vs_rogers,Mike Rogers,30000,38.5,30000.0,38.5
race_ethnicity,White non-Hispanic,q2_stevens_vs_rogers,Undecided,16296,20.9,16296.0,20.9
race_ethnicity,White non-Hispanic,q3_mcmorrow_vs_rogers,Mike Rogers,31262,40.1,31262.0,40.1
race_ethnicity,White non-Hispanic,q3_mcmorrow_vs_rogers,Undecided,29726,38.1,29726.0,38.1
race_ethnicity,White non-Hispanic,q3_mcmorrow_vs_rogers,Mallory McMorrow,17012,21.8,17012.0,21.8
region,Ann Arbor / Washtenaw,q1_elsayed_vs_rogers,Abdul El-Sayed,2000,50.0,2000.0,50.0
region,Ann Arbor / Washtenaw,q1_elsayed_vs_rogers,Undecided,2000,50.0,2000.0,50.0
region,Ann Arbor / Washtenaw,q2_stevens_vs_rogers,Haley Stevens,4000,100.0,4000.0,100.0
region,Ann Arbor / Washtenaw,q3_mcmorrow_vs_rogers,Mallory McMorrow,2000,50.0,2000.0,50.0
region,Ann Arbor / Washtenaw,q3_mcmorrow_vs_rogers,Undecided,2000,50.0,2000.0,50.0
region,Detroit / Wayne,q1_elsayed_vs_rogers,Abdul El-Sayed,14287,75.2,14287.0,75.2
region,Detroit / Wayne,q1_elsayed_vs_rogers,Undecided,3924,20.7,3924.0,20.7
region,Detroit / Wayne,q1_elsayed_vs_rogers,Mike Rogers,789,4.2,789.0,4.2
region,Detroit / Wayne,q2_stevens_vs_rogers,Haley Stevens,17012,89.5,17012.0,89.5
region,Detroit / Wayne,q2_stevens_vs_rogers,Undecided,1988,10.5,1988.0,10.5
region,Detroit / Wayne,q3_mcmorrow_vs_rogers,Mallory McMorrow,14349,75.5,14349.0,75.5
region,Detroit / Wayne,q3_mcmorrow_vs_rogers,Undecided,4525,23.8,4525.0,23.8
region,Detroit / Wayne,q3_mcmorrow_vs_rogers,Mike Rogers,126,0.7,126.0,0.7
region,Detroit suburbs,q1_elsayed_vs_rogers,Mike Rogers,9150,39.8,9150.0,39.8
region,Detroit suburbs,q1_elsayed_vs_rogers,Undecided,7850,34.1,7850.0,34.1
region,Detroit suburbs,q1_elsayed_vs_rogers,Abdul El-Sayed,6000,26.1,6000.0,26.1
region,Detroit suburbs,q2_stevens_vs_rogers,Haley Stevens,12972,56.4,12972.0,56.4
region,Detroit suburbs,q2_stevens_vs_rogers,Mike Rogers,8000,34.8,8000.0,34.8
region,Detroit suburbs,q2_stevens_vs_rogers,Undecided,2028,8.8,2028.0,8.8
region,Detroit suburbs,q3_mcmorrow_vs_rogers,Undecided,8429,36.6,8429.0,36.6
region,Detroit suburbs,q3_mcmorrow_vs_rogers,Mike Rogers,8000,34.8,8000.0,34.8
region,Detroit suburbs,q3_mcmorrow_vs_rogers,Mallory McMorrow,6571,28.6,6571.0,28.6
region,Flint / Saginaw / Bay,q1_elsayed_vs_rogers,Undecided,3989,66.5,3989.0,66.5
region,Flint / Saginaw / Bay,q1_elsayed_vs_rogers,Abdul El-Sayed,2000,33.3,2000.0,33.3
region,Flint / Saginaw / Bay,q1_elsayed_vs_rogers,Mike Rogers,11,0.2,11.0,0.2
region,Flint / Saginaw / Bay,q2_stevens_vs_rogers,Haley Stevens,3240,54.0,3240.0,54.0
region,Flint / Saginaw / Bay,q2_stevens_vs_rogers,Undecided,2760,46.0,2760.0,46.0
region,Flint / Saginaw / Bay,q3_mcmorrow_vs_rogers,Undecided,3998,66.6,3998.0,66.6
region,Flint / Saginaw / Bay,q3_mcmorrow_vs_rogers,Mallory McMorrow,2002,33.4,2002.0,33.4
region,Lansing / Ingham,q1_elsayed_vs_rogers,Abdul El-Sayed,2000,66.7,2000.0,66.7
region,Lansing / Ingham,q1_elsayed_vs_rogers,Undecided,1000,33.3,1000.0,33.3
region,Lansing / Ingham,q2_stevens_vs_rogers,Haley Stevens,2004,66.8,2004.0,66.8
region,Lansing / Ingham,q2_stevens_vs_rogers,Undecided,996,33.2,996.0,33.2
region,Lansing / Ingham,q3_mcmorrow_vs_rogers,Mallory McMorrow,2106,70.2,2106.0,70.2
region,Lansing / Ingham,q3_mcmorrow_vs_rogers,Undecided,894,29.8,894.0,29.8
region,Northern Michigan,q1_elsayed_vs_rogers,Mike Rogers,2000,50.0,2000.0,50.0
region,Northern Michigan,q1_elsayed_vs_rogers,Abdul El-Sayed,1974,49.4,1974.0,49.4
region,Northern Michigan,q1_elsayed_vs_rogers,Undecided,26,0.7,26.0,0.7
region,Northern Michigan,q2_stevens_vs_rogers,Haley Stevens,1970,49.2,1970.0,49.2
region,Northern Michigan,q2_stevens_vs_rogers,Undecided,1030,25.8,1030.0,25.8
region,Northern Michigan,q2_stevens_vs_rogers,Mike Rogers,1000,25.0,1000.0,25.0
region,Northern Michigan,q3_mcmorrow_vs_rogers,Mallory McMorrow,1984,49.6,1984.0,49.6
region,Northern Michigan,q3_mcmorrow_vs_rogers,Undecided,1014,25.4,1014.0,25.4
region,Northern Michigan,q3_mcmorrow_vs_rogers,Mike Rogers,1002,25.1,1002.0,25.1
region,Rural / outstate,q1_elsayed_vs_rogers,Mike Rogers,19004,76.0,19004.0,76.0
region,Rural / outstate,q1_elsayed_vs_rogers,Undecided,5996,24.0,5996.0,24.0
region,Rural / outstate,q2_stevens_vs_rogers,Mike Rogers,17000,68.0,17000.0,68.0
region,Rural / outstate,q2_stevens_vs_rogers,Undecided,6316,25.3,6316.0,25.3
region,Rural / outstate,q2_stevens_vs_rogers,Haley Stevens,1684,6.7,1684.0,6.7
region,Rural / outstate,q3_mcmorrow_vs_rogers,Mike Rogers,17157,68.6,17157.0,68.6
region,Rural / outstate,q3_mcmorrow_vs_rogers,Undecided,7843,31.4,7843.0,31.4
region,Upper Peninsula,q1_elsayed_vs_rogers,Undecided,1000,100.0,1000.0,100.0
region,Upper Peninsula,q2_stevens_vs_rogers,Undecided,699,69.9,699.0,69.9
region,Upper Peninsula,q2_stevens_vs_rogers,Haley Stevens,301,30.1,301.0,30.1
region,Upper Peninsula,q3_mcmorrow_vs_rogers,Undecided,1000,100.0,1000.0,100.0
region,West Michigan,q1_elsayed_vs_rogers,Mike Rogers,6937,46.2,6937.0,46.2
region,West Michigan,q1_elsayed_vs_rogers,Undecided,5063,33.8,5063.0,33.8
region,West Michigan,q1_elsayed_vs_rogers,Abdul El-Sayed,3000,20.0,3000.0,20.0
region,West Michigan,q2_stevens_vs_rogers,Undecided,5629,37.5,5629.0,37.5
region,West Michigan,q2_stevens_vs_rogers,Mike Rogers,5000,33.3,5000.0,33.3
region,West Michigan,q2_stevens_vs_rogers,Haley Stevens,4371,29.1,4371.0,29.1
region,West Michigan,q3_mcmorrow_vs_rogers,Undecided,6004,40.0,6004.0,40.0
region,West Michigan,q3_mcmorrow_vs_rogers,Mike Rogers,5996,40.0,5996.0,40.0
region,West Michigan,q3_mcmorrow_vs_rogers,Mallory McMorrow,3000,20.0,3000.0,20.0
urban_suburban_rural,mixed,q1_elsayed_vs_rogers,Undecided,9052,43.1,9052.0,43.1
urban_suburban_rural,mixed,q1_elsayed_vs_rogers,Mike Rogers,6948,33.1,6948.0,33.1
urban_suburban_rural,mixed,q1_elsayed_vs_rogers,Abdul El-Sayed,5000,23.8,5000.0,23.8
urban_suburban_rural,mixed,q2_stevens_vs_rogers,Undecided,8389,39.9,8389.0,39.9
urban_suburban_rural,mixed,q2_stevens_vs_rogers,Haley Stevens,7611,36.2,7611.0,36.2
urban_suburban_rural,mixed,q2_stevens_vs_rogers,Mike Rogers,5000,23.8,5000.0,23.8
urban_suburban_rural,mixed,q3_mcmorrow_vs_rogers,Undecided,10002,47.6,10002.0,47.6
urban_suburban_rural,mixed,q3_mcmorrow_vs_rogers,Mike Rogers,5996,28.6,5996.0,28.6
urban_suburban_rural,mixed,q3_mcmorrow_vs_rogers,Mallory McMorrow,5002,23.8,5002.0,23.8
urban_suburban_rural,rural/small-town,q1_elsayed_vs_rogers,Mike Rogers,21004,70.0,21004.0,70.0
urban_suburban_rural,rural/small-town,q1_elsayed_vs_rogers,Undecided,7022,23.4,7022.0,23.4
urban_suburban_rural,rural/small-town,q1_elsayed_vs_rogers,Abdul El-Sayed,1974,6.6,1974.0,6.6
urban_suburban_rural,rural/small-town,q2_stevens_vs_rogers,Mike Rogers,18000,60.0,18000.0,60.0
urban_suburban_rural,rural/small-town,q2_stevens_vs_rogers,Undecided,8045,26.8,8045.0,26.8
urban_suburban_rural,rural/small-town,q2_stevens_vs_rogers,Haley Stevens,3955,13.2,3955.0,13.2
urban_suburban_rural,rural/small-town,q3_mcmorrow_vs_rogers,Mike Rogers,18159,60.5,18159.0,60.5
urban_suburban_rural,rural/small-town,q3_mcmorrow_vs_rogers,Undecided,9857,32.9,9857.0,32.9
urban_suburban_rural,rural/small-town,q3_mcmorrow_vs_rogers,Mallory McMorrow,1984,6.6,1984.0,6.6
urban_suburban_rural,suburban,q1_elsayed_vs_rogers,Mike Rogers,9150,39.8,9150.0,39.8
urban_suburban_rural,suburban,q1_elsayed_vs_rogers,Undecided,7850,34.1,7850.0,34.1
urban_suburban_rural,suburban,q1_elsayed_vs_rogers,Abdul El-Sayed,6000,26.1,6000.0,26.1
urban_suburban_rural,suburban,q2_stevens_vs_rogers,Haley Stevens,12972,56.4,12972.0,56.4
urban_suburban_rural,suburban,q2_stevens_vs_rogers,Mike Rogers,8000,34.8,8000.0,34.8
urban_suburban_rural,suburban,q2_stevens_vs_rogers,Undecided,2028,8.8,2028.0,8.8
urban_suburban_rural,suburban,q3_mcmorrow_vs_rogers,Undecided,8429,36.6,8429.0,36.6
urban_suburban_rural,suburban,q3_mcmorrow_vs_rogers,Mike Rogers,8000,34.8,8000.0,34.8
urban_suburban_rural,suburban,q3_mcmorrow_vs_rogers,Mallory McMorrow,6571,28.6,6571.0,28.6
urban_suburban_rural,urban,q1_elsayed_vs_rogers,Abdul El-Sayed,14287,75.2,14287.0,75.2
urban_suburban_rural,urban,q1_elsayed_vs_rogers,Undecided,3924,20.7,3924.0,20.7
urban_suburban_rural,urban,q1_elsayed_vs_rogers,Mike Rogers,789,4.2,789.0,4.2
urban_suburban_rural,urban,q2_stevens_vs_rogers,Haley Stevens,17012,89.5,17012.0,89.5
urban_suburban_rural,urban,q2_stevens_vs_rogers,Undecided,1988,10.5,1988.0,10.5
urban_suburban_rural,urban,q3_mcmorrow_vs_rogers,Mallory McMorrow,14349,75.5,14349.0,75.5
urban_suburban_rural,urban,q3_mcmorrow_vs_rogers,Undecided,4525,23.8,4525.0,23.8
urban_suburban_rural,urban,q3_mcmorrow_vs_rogers,Mike Rogers,126,0.7,126.0,0.7
urban_suburban_rural,urban/suburban,q1_elsayed_vs_rogers,Abdul El-Sayed,4000,57.1,4000.0,57.1
urban_suburban_rural,urban/suburban,q1_elsayed_vs_rogers,Undecided,3000,42.9,3000.0,42.9
urban_suburban_rural,urban/suburban,q2_stevens_vs_rogers,Haley Stevens,6004,85.8,6004.0,85.8
urban_suburban_rural,urban/suburban,q2_stevens_vs_rogers,Undecided,996,14.2,996.0,14.2
urban_suburban_rural,urban/suburban,q3_mcmorrow_vs_rogers,Mallory McMorrow,4106,58.7,4106.0,58.7
urban_suburban_rural,urban/suburban,q3_mcmorrow_vs_rogers,Undecided,2894,41.3,2894.0,41.3
